"AlertID","UserID","Name","Reason","CreatedAt"
"49","2","ali","Congratulations Ali on being named our Best Employee of the Month! Your impressive performance score of 44.00 is a testament to your hard work and commitment to excellence. We are proud to have you on the RETAINIQ team.","2026-06-12T12:15:50.000Z"
"48","998","Burnout Bob (High Risk)","Congratulations Ali on being named our Best Employee of the Month! Your impressive performance score of 44.00 is a testament to your hard work and commitment to excellence. We are proud to have you on the RETAINIQ team.
Congratulations Ali on being named our Best Employee of the Month! Your impressive performance score of 44.00 is a testament to your hard work and commitment to excellence. We are proud to have you on the RETAINIQ team.
Congratulations Ali on being named our Best Employee of the Month! Your impressive performance score of 44.00 is a testament to your hard work and commitment to excellence. We are proud to have you on the RETAINIQ team.
Congratulations Ali on being named our Best Employee of the Month! Your impressive performance score of 44.00 is a testament to your hard work and commitment to excellence. We are proud to have you on the RETAINIQ team.
Congratulations Ali on being named our Best Employee of the Month! Your impressive performance score of 44.00 is a testament to your hard work and commitment to excellence. We are proud to have you on the RETAINIQ team.
Congratulations Ali on being named our Best Employee of the Month! Your impressive performance score of 44.00 is a testament to your hard work and commitment to excellence. We are proud to have you on the RETAINIQ team.
Congratulations Ali on being named our Best Employee of the Month! Your impressive performance score of 44.00 is a testament to your hard work and commitment to excellence. We are proud to have you on the RETAINIQ team.
Congratulations Ali on being named our Best Employee of the Month! Your impressive performance score of 44.00 is a testament to your hard work and commitment to excellence. We are proud to have you on the RETAINIQ team.
Congratulations Ali on being named our Best Employee of the Month! Your impressive performance score of 44.00 is a testament to your hard work and commitment to excellence. We are proud to have you on the RETAINIQ team.
Congratulations Ali on being named our Best Employee of the Month! Your impressive performance score of 44.00 is a testament to your hard work and commitment to excellence. We are proud to have you on the RETAINIQ team.
","2026-06-12T11:12:48.000Z"
"47","998","Burnout Bob (High Risk)","Congratulations Burnout Bob (High Risk) for being the Best Employee with a performance score of 7!","2026-06-12T10:44:15.000Z"
"46","998","Burnout Bob (High Risk)","undefined","2026-06-12T10:41:28.000Z"
"3","2","ali","Congratulations ali for being the Best Employee with a performance score of 8!","2026-05-03T15:13:03.000Z"